player_name,pass_body_part_name,0
Rodrigo HernÃ¡ndez Cascante,Right Foot,549
Rodrigo Javier De Paul,Right Foot,524
Luka ModriÄ‡,Right Foot,480
NicolÃ¡s HernÃ¡n Otamendi,Right Foot,472
Marcelo BrozoviÄ‡,Right Foot,431
Mateo KovaÄiÄ‡,Right Foot,425
Enzo Fernandez,Right Foot,422
AurÃ©lien Djani TchouamÃ©ni,Right Foot,404
John Stones,Right Foot,388
Pedro GonzÃ¡lez LÃ³pez,Right Foot,364
Dejan Lovren,Right Foot,350
JoÅ¡ko Gvardiol,Left Foot,335
Lionel AndrÃ©s Messi Cuccittini,Left Foot,327
Luke Shaw,Left Foot,322
Josip JuranoviÄ‡,Right Foot,313
Cristian Gabriel Romero,Right Foot,310
Harry Maguire,Right Foot,310
Frenkie de Jong,Right Foot,309
Jordi Alba Ramos,Left Foot,298
Sofyan Amrabat,Right Foot,284
Dayotchanculle Upamecano,Right Foot,275
Thiago Emiliano da Silva,Right Foot,270
Marcos AoÃ¡s CorrÃªa,Right Foot,270
Virgil van Dijk,Right Foot,269
Achraf Hakimi Mouh,Right Foot,268
JurriÃ«n David Norman Timber,Right Foot,268
Antoine Griezmann,Left Foot,267
Nahuel Molina Lucero,Right Foot,262
Hakim Ziyech,Left Foot,256
Declan Rice,Right Foot,255
Aymeric Laporte,Left Foot,251
Theo Bernard FranÃ§ois HernÃ¡ndez,Left Foot,250
Azzedine Ounahi,Right Foot,248
Bernardo Mota Veiga de Carvalho e Silva,Left Foot,245
KlÃ©per Laveran Lima Ferreira,Right Foot,239
Nathan AkÃ©,Left Foot,236
Ã‰der Gabriel MilitÃ£o,Right Foot,233
Andreas Christensen,Right Foot,230
RÃºben Diogo Da Silva Neves,Right Foot,227
Daley Blind,Left Foot,224
Borna Sosa,Left Foot,220
Alexis Mac Allister,Right Foot,219
Toby Alderweireld,Right Foot,218
Carlos Henrique Casimiro,Right Foot,217
Jude Bellingham,Right Foot,217
Jules KoundÃ©,Right Foot,213
Leandro Daniel Paredes,Right Foot,212
Adrien Rabiot,Left Foot,211
Sergio Busquets i Burgos,Right Foot,209
Joshua Kimmich,Right Foot,209
Tyler Adams,Right Foot,208
Tim Ream,Left Foot,207
RÃºben Santos Gato Alves Dias,Right Foot,206
Bruno Miguel Borges Fernandes,Right Foot,201
Danilo Luiz da Silva,Right Foot,199
Jan Vertonghen,Left Foot,198
Ibrahima KonatÃ©,Right Foot,194
JoÃ£o Pedro Cavaco Cancelo,Right Foot,193
Niklas SÃ¼le,Right Foot,193
Manuel Obafemi Akanji,Right Foot,192
Kylian MbappÃ© Lottin,Right Foot,191
Joachim Andersen,Right Foot,187
Antonio RÃ¼diger,Right Foot,184
Young-Gwon Kim,Left Foot,184
Walker Zimmerman,Right Foot,182
Granit Xhaka,Left Foot,179
Maya Yoshida,Right Foot,173
In-Beom Hwang,Right Foot,172
Pierre-Emile HÃ¸jbjerg,Right Foot,172
Boualem Khoukhi,Right Foot,171
Jakub Piotr Kiwior,Left Foot,165
Dominik LivakoviÄ‡,Right Foot,163
Moon-Hwan Kim,Right Foot,162
Felix Eduardo Torres Caicedo,Right Foot,162
Federico Santiago Valverde Dipetta,Right Foot,162
Aaron Mooy,Right Foot,161
Antonee Robinson,Left Foot,161
Youssouf Sabaly,Right Foot,160
Yassine Bounou,Left Foot,160
Yunus Dimoara Musah,Right Foot,158
Lucas Tolentino Coelho de Lima,Left Foot,157
Kieran Trippier,Right Foot,157
Kye Rowles,Left Foot,157
Kamal Miller,Left Foot,157
Aymeric Laporte,Right Foot,157
Woo-Young Jung,Right Foot,157
Piero MartÃ­n HincapiÃ© Reyna,Left Foot,156
Sergino Dest,Right Foot,156
RaphaÃ«l Adelino JosÃ© Guerreiro,Left Foot,155
Ãngel FabiÃ¡n Di MarÃ­a HernÃ¡ndez,Left Foot,153
HÃ©ctor Alfredo Moreno Herrera,Left Foot,153
Christian Dannemann Eriksen,Right Foot,152
Marcos Javier AcuÃ±a,Left Foot,151
Abdou Diallo,Left Foot,151
Axel Witsel,Right Foot,150
CÃ©sar Azpilicueta Tanco,Right Foot,149
Thomas Teye Partey,Right Foot,149
JoÅ¡ko Gvardiol,Right Foot,148
Ricardo IvÃ¡n RodrÃ­guez Araya,Left Foot,148
Timothy Castagne,Right Foot,147
Daniel Olmo Carvajal,Right Foot,147
RaphaÃ«l Varane,Right Foot,146
Kalidou Koulibaly,Right Foot,144
Joe Rodon,Right Foot,143
Nampalys Mendy,Right Foot,143
Yassine Meriah,Right Foot,143
Kyle Walker,Right Foot,142
Pau Francisco Torres,Left Foot,141
David Raum,Left Foot,140
CÃ©sar Jasib Montes Castro,Right Foot,139
Denzel Dumfries,Right Foot,139
William Silva de Carvalho,Right Foot,138
Andrej KramariÄ‡,Right Foot,138
Steven de Sousa Vitoria,Right Foot,137
Alistair Johnston,Right Foot,137
Neymar da Silva Santos Junior,Right Foot,137
Romain SaÃ¯ss,Left Foot,135
Akram Hassan Afif,Right Foot,135
Wataru Endo,Right Foot,132
Raphael Dias Belloli,Left Foot,132
Jordan Brian Henderson,Right Foot,132
Min Jae Kim,Right Foot,131
Chris Mepham,Right Foot,131
SaÅ¡a LukiÄ‡,Right Foot,130
Harry Souttar,Right Foot,129
JosÃ© MarÃ­a GimÃ©nez de Vargas,Right Foot,128
Diogo Meireles Costa,Right Foot,128
Unai SimÃ³n Mendibil,Right Foot,128
Jhegson SebastiÃ¡n MÃ©ndez CarabalÃ­,Right Foot,128
MoisÃ©s Isaac Caicedo Corozo,Right Foot,128
Salis Abdul Samed,Right Foot,127
Jordan Pickford,Left Foot,127
Cody MathÃ¨s Gakpo,Right Foot,127
Abdelkarim Hassan Al Haj Fadlalla,Left Foot,127
Daniel Amartey,Right Foot,126
Pervis JosuÃ© EstupiÃ±Ã¡n Tenorio,Left Foot,126
Ivan PeriÅ¡iÄ‡,Right Foot,125
NicolÃ¡s Alejandro Tagliafico,Left Foot,125
Lisandro MartÃ­nez,Left Foot,124
Aziz Eraltay Behich,Left Foot,124
Rasmus Nissen Kristensen,Right Foot,123
Alex Sandro Lobo Silva,Left Foot,123
Nayef Aguerd,Left Foot,123
Jawad El Yamiq,Right Foot,122
Nikola MilenkoviÄ‡,Right Foot,122
Mohammed Kanoo,Right Foot,121
Hidemasa Morita,Right Foot,121
Mathew Ryan,Right Foot,120
Mohamed Salisu,Left Foot,120
RaphaÃ«l Varane,Left Foot,119
Luis Gerardo ChÃ¡vez MagallÃ³n,Left Foot,119
Hugo Lloris,Left Foot,118
Rodrigo Bentancur ColmÃ¡n,Right Foot,116
AndrÃ©-Frank Zambo Anguissa,Right Foot,116
Piotr ZieliÅ„ski,Right Foot,115
Wojciech SzczÄ™sny,Right Foot,115
Ben Davies,Left Foot,114
Idrissa Gana Gueye,Right Foot,114
Thomas Meunier,Right Foot,113
DamiÃ¡n Emiliano MartÃ­nez,Right Foot,112
Steven Berghuis,Left Foot,111
Silvan Widmer,Right Foot,111
Christian Pulisic,Right Foot,111
Andries Noppert,Left Foot,111
Joel Nathaniel Campbell Samuels,Left Foot,110
Ä°lkay GÃ¼ndoÄŸan,Right Foot,110
Matty Cash,Right Foot,109
JoÃ£o FÃ©lix Sequeira,Right Foot,109
Memphis Depay,Right Foot,108
Philip Foden,Left Foot,108
Daniel Carvajal Ramos,Right Foot,107
OtÃ¡vio Edmilson da Silva Monteiro,Right Foot,107
Kamil Glik,Right Foot,106
Ivan PeriÅ¡iÄ‡,Left Foot,106
Kevin De Bruyne,Right Foot,106
Antony Matheus dos Santos,Left Foot,105
Vitor Machado Ferreira,Right Foot,103
Ellyes Joris Skhiri,Right Foot,103
Ismail Jakobs,Left Foot,103
Weston McKennie,Right Foot,103
Remo Freuler,Right Foot,103
DuÅ¡an TadiÄ‡,Left Foot,103
Pablo MartÃ­n PÃ¡ez Gavira,Right Foot,102
Jamal Musiala,Right Foot,102
Ngoran Suiru Fai Collins,Right Foot,102
Sofiane Boufal,Right Foot,101
Heung-Min Son,Right Foot,101
Leander Dendoncker,Right Foot,101
Rodrigo HernÃ¡ndez Cascante,Left Foot,101
JosÃ© Diogo Dalot Teixeira,Right Foot,101
Yahia Attiyat allah,Left Foot,100
Alejandro Balde MartÃ­nez,Left Foot,100
Timothy Weah,Right Foot,100
Ethan Ampadu,Right Foot,99
Marco Asensio Willemsen,Left Foot,98
Seung-Gyu Kim,Right Foot,97
Achraf Dari,Right Foot,97
Salem Mohammed Al Dawsari,Right Foot,96
Rodrygo Silva de Goes,Right Foot,96
Nico Schlotterbeck,Left Foot,96
Ousmane DembÃ©lÃ©,Left Foot,95
Joakim MÃ¦hle,Right Foot,95
Teun Koopmeiners,Left Foot,94
Ko Itakura,Right Foot,94
Grzegorz Krychowiak,Right Foot,93
Strahinja PavloviÄ‡,Left Foot,91
Marten de Roon,Right Foot,91
AÃ¯ssa Bilal LaÃ¯douni,Right Foot,91
Atiba Hutchinson,Right Foot,90
Vanja MilinkoviÄ‡ SaviÄ‡,Right Foot,90
Youssouf Fofana,Right Foot,90
Lovro Majer,Left Foot,90
Karim Boudiaf,Right Foot,90
Pedro Miguel Correia,Right Foot,89
Celso Borges Mora,Right Foot,88
Ismael KonÃ©,Right Foot,88
Bukayo Saka,Left Foot,88
Nathan AkÃ©,Right Foot,87
Morteza Pouraliganji,Right Foot,87
Daichi Kamada,Right Foot,86
Angelo Smit Preciado QuiÃ±Ã³nez,Right Foot,86
Xherdan Shaqiri,Left Foot,86
Ousmane DembÃ©lÃ©,Right Foot,86
ShÅ«ichi Gonda,Right Foot,86
Stephen Antunes EustÃ¡quio,Right Foot,86
Montassar Omar Talbi,Right Foot,86
Eduardo Camavinga,Left Foot,85
Edouard Mendy,Right Foot,85
Serge Gnabry,Right Foot,85
Marcos Llorente Moreno,Right Foot,85
Nico Elvedi,Right Foot,84
Connor Roberts,Right Foot,84
MathÃ­as Olivera Miramontes,Left Foot,84
JuliÃ¡n Ãlvarez,Right Foot,84
Alphonso Davies,Left Foot,84
Jin-Su Kim,Left Foot,84
VinÃ­cius JosÃ© PaixÃ£o de Oliveira JÃºnior,Right Foot,83
MatÃ­as Vecino Falero,Right Foot,83
Sergej MilinkoviÄ‡-SaviÄ‡,Right Foot,82
Francisco Javier Calvo Quesada,Left Foot,82
Ramin Rezaeian,Right Foot,82
Yeltsin Ignacio Tejeda Valverde,Right Foot,82
Edson Omar Ãlvarez VelÃ¡zquez,Right Foot,81
Noussair Mazraoui,Right Foot,81
Francisco Guillermo Ochoa MagaÃ±a,Right Foot,80
Matthew Charles Turner,Right Foot,80
Krystian Bielik,Right Foot,80
Seyed Majid Hosseini,Right Foot,80
Abdulelah Al Amri,Right Foot,79
Filip KostiÄ‡,Left Foot,78
Ruben Vargas,Right Foot,78
Manuel Neuer,Right Foot,78
Selim Amallah,Right Foot,78
Dylan Daniel Mahmoud Bronn,Right Foot,77
Aaron Ramsey,Right Foot,77
Gonzalo Jordy Plata JimÃ©nez,Left Foot,77
JesÃºs Daniel Gallardo Vasconcelos,Left Foot,77
Dejan Lovren,Left Foot,77
Milos Veljkovic,Right Foot,77
Benjamin Pavard,Right Foot,76
Mohammed Kudus,Left Foot,76
FerrÃ¡n Torres GarcÃ­a,Right Foot,76
Bartosz BereszyÅ„ski,Right Foot,76
Marcos AoÃ¡s CorrÃªa,Left Foot,76
Jae-Sung Lee,Left Foot,75
Daniel Alves da Silva,Right Foot,75
Carlos Soler BarragÃ¡n,Right Foot,75
Junya Ito,Right Foot,75
Marcelo BrozoviÄ‡,Left Foot,75
Diego Roberto GodÃ­n Leal,Right Foot,74
Harry Kane,Right Foot,73
Yann Sommer,Right Foot,72
Djibril Sow,Right Foot,72
Keylor Navas Gamboa,Right Foot,72
Bryan Mbeumo,Left Foot,72
Christian Dannemann Eriksen,Left Foot,71
Jackson Irvine,Right Foot,71
Saud Abdullah Abdul Hamid,Right Foot,71
Alisson RamsÃ©s Becker,Right Foot,70
Ehsan Hajsafi,Left Foot,70
Craig Goodwin,Left Foot,70
Abdulaziz Hatem Mohammed Abdullah,Left Foot,70
Andrija Å½ivkoviÄ‡,Left Foot,69
Nouhou Tolo,Left Foot,69
Tajon Buchanan,Right Foot,69
Hirving Rodrigo Lozano Bahena,Right Foot,69
Devis Rogers Epassy Mboka,Right Foot,69
Abdulelah Saad Hameed Al-Malki,Right Foot,69
Mathew Leckie,Right Foot,69
Thibaut Courtois,Left Foot,69
Kang-In Lee,Left Foot,68
Cristiano Ronaldo dos Santos Aveiro,Right Foot,68
SebastiÃ¡n Coates NiÃ³n,Right Foot,68
Danilo LuÃ­s HÃ©lio Pereira,Right Foot,67
Harry Maguire,Left Foot,67
Saeid Ezatolahi Afagh,Right Foot,66
Assim Omer Al Haj Madibo,Right Foot,66
Homam Alamin Ahmed,Left Foot,66
Nicolas Alexis Julio N'Koulou Ndoubena,Right Foot,66
Gleison Bremer Silva Nascimento,Right Foot,66
Ã“scar Esau Duarte GaitÃ¡n,Right Foot,65
Gonzalo Ariel Montiel,Right Foot,65
Milan Borjan,Right Foot,65
Jean-Charles Castelletto,Right Foot,64
Guillermo Varela Olivera,Right Foot,64
Steven Bergwijn,Right Foot,64
Ali Gholizadeh,Left Foot,62
Josip Å utalo,Right Foot,62
Kasper Schmeichel,Right Foot,62
Hassan Khalid Al Heidos,Right Foot,61
HernÃ¡n Ismael GalÃ­ndez,Right Foot,61
KrÃ©pin Diatta,Right Foot,61
Mason Mount,Right Foot,61
Shogo Taniguchi,Right Foot,61
Mehdi Taremi,Right Foot,61
Sergio Busquets i Burgos,Left Foot,60
Ali Albulayhi,Left Foot,60
Fabian Lukas SchÃ¤r,Right Foot,59
Aymen Dahmen,Right Foot,59
Mikkel Damsgaard,Right Foot,59
Edimilson Fernandes,Right Foot,59
In-Beom Hwang,Left Foot,59
Davy Klaassen,Right Foot,59
IsmaÃ¯la Sarr,Right Foot,58
Frederico Rodrigues Santos,Left Foot,58
Victor Nelsson,Right Foot,58
Dayotchanculle Upamecano,Left Foot,58
Mohammed Khalil Al Owais,Left Foot,57
Kingsley Coman,Right Foot,57
Mario PaÅ¡aliÄ‡,Right Foot,57
Harry Wilson,Left Foot,56
Jorge ResurrecciÃ³n Merodio,Right Foot,56
Sam Adekugbe,Left Foot,56
Luka ModriÄ‡,Left Foot,56
Robert Lewandowski,Right Foot,56
Guido RodrÃ­guez,Right Foot,55
Sergio Rochet Ãlvarez,Right Foot,55
Marcus Rashford,Right Foot,55
Kendall Jamaal Waston Manley,Right Foot,55
Martin Hongla Yma II,Right Foot,53
Breel-Donald Embolo,Right Foot,53
MiloÅ¡ Degenek,Right Foot,53
Alejandro DarÃ­o GÃ³mez,Right Foot,53
Pedro GonzÃ¡lez LÃ³pez,Left Foot,53
Bryan Oviedo,Left Foot,53
Thiago Emiliano da Silva,Left Foot,53
Jonathan Osorio,Right Foot,52
Ao Tanaka,Right Foot,52
HÃ©ctor Miguel Herrera LÃ³pez,Right Foot,52
Samuel Yves Oum Gwet,Right Foot,52
Declan Rice,Left Foot,52
Ali Abdi,Left Foot,52
Jorge Eduardo SÃ¡nchez Ramos,Right Foot,52
Takehiro Tomiyasu,Right Foot,52
Neco Williams,Right Foot,51
Thomas MÃ¼ller,Right Foot,51
Antonio RÃ¼diger,Left Foot,51
PrzemysÅ‚aw Frankowski,Right Foot,51
Bassam Hisham Al Rawi,Right Foot,51
JosÃ© MartÃ­n CÃ¡ceres Silva,Right Foot,51
Bruno GuimarÃ£es Rodriguez Moura,Right Foot,50
Ä°lkay GÃ¼ndoÄŸan,Left Foot,50
Jack Grealish,Right Foot,50
Hee-Chan Hwang,Right Foot,50
Abdelhamid Sabiri,Right Foot,50
PathÃ© IsmaÃ«l Ciss,Right Foot,50
Riley McGree,Left Foot,50
Aleksandar MitroviÄ‡,Right Foot,49
Amadou Onana,Right Foot,49
Nico Elvedi,Left Foot,49
Youssef Msakni,Right Foot,49
Lawrence Ati-Zigi,Right Foot,49
Lautaro Javier MartÃ­nez,Right Foot,48
Ismaeel Mohammad Mohammad,Right Foot,48
Leroy SanÃ©,Left Foot,48
Jan Vertonghen,Right Foot,48
Aaron Mooy,Left Foot,48
David Junior Hoilett,Right Foot,48
Abdul Rahman Baba,Left Foot,48
Hiroki Ito,Left Foot,47
Raheem Sterling,Right Foot,47
Jakub KamiÅ„ski,Right Foot,47
Leon Goretzka,Right Foot,47
Manuel Obafemi Akanji,Left Foot,47
Mathias Jensen,Right Foot,47
Alidu Seidu,Right Foot,47
AndrÃ© Onana,Right Foot,47
Simon Thorup KjÃ¦r,Right Foot,46
Jun-Ho Son,Right Foot,46
Joshua Kimmich,Left Foot,46
Leandro Trossard,Right Foot,46
Ernesto Alexis Vega Rojas,Right Foot,46
Romain SaÃ¯ss,Right Foot,46
Pape Gueye,Left Foot,46
Nicholas Williams Arthuer,Right Foot,46
Virgil van Dijk,Left Foot,46
Andries Noppert,Right Foot,46
AntÃ³nio JoÃ£o Pereira Albuquerque Tavares Silva,Right Foot,46
NicolÃ¡s HernÃ¡n Otamendi,Left Foot,46
Axel Disasi,Right Foot,46
Cameron Carter-Vickers,Right Foot,46
Borna BariÅ¡iÄ‡,Left Foot,45
Marko Livaja,Right Foot,45
Meshaal Aissa Barsham,Right Foot,45
Yuto Nagatomo,Right Foot,45
AurÃ©lien Djani TchouamÃ©ni,Left Foot,45
FÃ¡bio Henrique Tavares,Right Foot,45
Jesper LindstrÃ¸m,Right Foot,44
Mark Anthony Kaye,Left Foot,44
Pau Francisco Torres,Right Foot,43
Thorgan Hazard,Right Foot,43
Bruno PetkoviÄ‡,Right Foot,43
Ali MaÃ¢loul,Left Foot,43
Pablo MartÃ­n PÃ¡ez Gavira,Left Foot,43
Boulaye Dia,Right Foot,43
Jonathan David,Right Foot,43
Karl Brillant Toko Ekambi,Right Foot,43
Ritsu Doan,Left Foot,43
Keysher Fuller Spence,Right Foot,43
Firas Tariq Nasser Al Albirakan,Left Foot,43
Adrien Rabiot,Right Foot,43
RÃºben Santos Gato Alves Dias,Left Foot,43
Nemanja Gudelj,Right Foot,43
Kaoru Mitoma,Right Foot,42
Daniel Olmo Carvajal,Left Foot,42
Strahinja PavloviÄ‡,Right Foot,42
Hassan Mohammed Al-Tambakti,Right Foot,42
NÃ©stor Alejandro AraÃºjo Razo,Right Foot,42
Toby Alderweireld,Left Foot,42
Maya Yoshida,Left Foot,42
Daley Blind,Right Foot,42
Wayne Hennessey,Right Foot,42
Tim Ream,Right Foot,42
Kalidou Koulibaly,Left Foot,42
Nemanja MaksimoviÄ‡,Right Foot,42
Youssef En-Nesyri,Left Foot,42
Olivier Giroud,Left Foot,41
Jean-Eric Maxim Choupo-Moting,Right Foot,41
Jude Bellingham,Left Foot,41
Wajdi Kechrida,Right Foot,41
Alexis Mac Allister,Left Foot,41
Yuto Nagatomo,Left Foot,41
Youri Tielemans,Right Foot,41
Tyler Adams,Left Foot,41
Min Jae Kim,Left Foot,40
Jordan Ayew,Right Foot,40
Gareth Frank Bale,Left Foot,40
Ahmad Nourollahi,Right Foot,40
JosÃ© Adoni Cifuentes Charcopa,Right Foot,40
Facundo Pellistri Rebollo,Right Foot,40
Granit Xhaka,Right Foot,40
John Stones,Left Foot,40
Brenden Aaronson,Right Foot,39
Woo-Young Jung,Left Foot,39
Danilo Luiz da Silva,Left Foot,39
Mislav OrÅ¡iÄ‡,Right Foot,39
Ricardo Jorge Luz Horta,Right Foot,39
Pierre Kunde Malong,Right Foot,39
Milad Mohammadi,Left Foot,38
Mohammed Al Burayk,Right Foot,38
Niklas SÃ¼le,Left Foot,38
Alexander Hartmann Bah,Right Foot,38
Eden Hazard,Right Foot,37
Thibaut Courtois,Right Foot,37
Pape Matar Sarr,Right Foot,37
JoÃ£o Pedro Cavaco Cancelo,Left Foot,37
Anis Ben Slimane,Right Foot,37
Enner Remberto Valencia Lastra,Right Foot,37
JoÃ£o MÃ¡rio Naval da Costa Eduardo,Right Foot,37
Kylian MbappÃ© Lottin,Left Foot,36
KlÃ©per Laveran Lima Ferreira,Left Foot,36
CÃ©sar Jasib Montes Castro,Left Foot,36
Gabriel Teodoro Martinelli Silva,Right Foot,36
Darwin Gabriel NÃºÃ±ez Ribeiro,Right Foot,36
GermÃ¡n Alejandro Pezzella,Right Foot,36
Mitchell Thomas Duke,Right Foot,36
Sebastian SzymaÅ„ski,Left Foot,36
Yannick Ferreira Carrasco,Right Foot,36
Hugo Lloris,Right Foot,35
Bernardo Mota Veiga de Carvalho e Silva,Right Foot,35
Alex Nicolao Telles,Left Foot,35
Pierre-Emile HÃ¸jbjerg,Left Foot,35
William Saliba,Right Foot,35
Walker Zimmerman,Left Foot,35
Saleh Khalid Al Shehri,Right Foot,35
NaÃ¯m Sliti,Right Foot,35
Kamal Miller,Right Foot,35
Montassar Omar Talbi,Left Foot,35
Jordi Alba Ramos,Right Foot,34
Keanu Baccus,Right Foot,34
Richarlison de Andrade,Right Foot,34
Lionel AndrÃ©s Messi Cuccittini,Right Foot,34
Ali Karimi,Right Foot,34
Andreas Skov Olsen,Left Foot,34
Kyung-Won Kwon,Left Foot,34
Antoine Griezmann,Right Foot,34
Nawaf Shaker Al Abid,Left Foot,33
Gideon Mensah,Left Foot,33
Mehdi Torabi,Right Foot,33
Enzo Ebosse,Left Foot,33
Giorgian Daniel De Arrascaeta Benedetti,Right Foot,33
Josip StaniÅ¡iÄ‡,Right Foot,33
Eray Ervin CÃ¶mert,Right Foot,33
Achraf Hakimi Mouh,Left Foot,33
Danny Ward,Right Foot,33
Dries Mertens,Right Foot,33
Richie Laryea,Right Foot,33
Eric Dier,Right Foot,33
Wataru Endo,Left Foot,33
JurriÃ«n David Norman Timber,Left Foot,32
Ricardo IvÃ¡n RodrÃ­guez Araya,Right Foot,32
Matthijs de Ligt,Right Foot,31
Jackson Gabriel Porozo Vernaza,Right Foot,31
Jackson Irvine,Left Foot,31
Takehiro Tomiyasu,Left Foot,31
Joe Allen,Right Foot,31
Piotr ZieliÅ„ski,Left Foot,31
JuliÃ¡n Ãlvarez,Left Foot,31
IÃ±aki Williams Arthuer,Right Foot,30
Sultan Abdullah Salim Al Ghannam,Right Foot,30
Antonee Robinson,Right Foot,30
Milos Veljkovic,Left Foot,30
Piero MartÃ­n HincapiÃ© Reyna,Right Foot,30
Hakim Ziyech,Right Foot,30
Nikola VlaÅ¡iÄ‡,Right Foot,30
Frenkie de Jong,Left Foot,30
Remo Freuler,Left Foot,30
Fran KaraÄiÄ‡,Right Foot,30
Steven de Sousa Vitoria,Left Foot,30
Ãlvaro Borja Morata MartÃ­n,Right Foot,30
Seyed Hossein Hosseini,Right Foot,30
Aziz Eraltay Behich,Right Foot,29
AndrÃ© Ayew PelÃ©,Left Foot,29
Gue-Sung Cho,Right Foot,29
Ethan Ampadu,Left Foot,29
Rafael Alexandre ConceiÃ§Ã£o LeÃ£o,Right Foot,29
Ferjani Sassi,Right Foot,29
Yann Sommer,Left Foot,29
Jakub Piotr Kiwior,Right Foot,29
Daniel James,Right Foot,28
DamiÃ¡n Emiliano MartÃ­nez,Left Foot,28
Weston McKennie,Left Foot,28
Abdul Rahman Baba,Right Foot,28
Youssouf Sabaly,Left Foot,28
Manuel Neuer,Left Foot,28
Abdelkarim Hassan Al Haj Fadlalla,Right Foot,28
Mario PaÅ¡aliÄ‡,Left Foot,28
Joachim Andersen,Left Foot,28
Matheus Luiz Nunes,Right Foot,28
Michael Steveen Estrada MartÃ­nez,Right Foot,27
Hidemasa Morita,Left Foot,27
Rodrigo Bentancur ColmÃ¡n,Left Foot,27
Ibrahima KonatÃ©,Left Foot,27
Aaron Ramsey,Left Foot,27
Jawad El Yamiq,Left Foot,27
MattÃ©o Guendouzi OliÃ©,Right Foot,27
Christopher Wooh,Right Foot,27
Brandon Aguilera Zamora,Left Foot,27
Carlos Alberto RodrÃ­guez GÃ³mez,Right Foot,27
Lucas Tolentino Coelho de Lima,Right Foot,27
Jordan Veretout,Right Foot,27
SaÅ¡a LukiÄ‡,Left Foot,26
Lukas Klostermann,Right Foot,26
Cristian Gabriel Romero,Left Foot,26
Andrej KramariÄ‡,Left Foot,26
Kieffer Roberto Francisco Moore,Right Foot,26
Marcus Thuram,Right Foot,26
Luke Shaw,Right Foot,26
Iliman Ndiaye,Right Foot,26
Nader Ghandri,Right Foot,26
Enzo Fernandez,Left Foot,26
Yassine Bounou,Right Foot,26
Issam Jebali,Right Foot,26
Timothy Castagne,Left Foot,26
Jeremy Leonel Sarmiento Morante,Right Foot,26
Sang-Ho Na,Right Foot,25
Mohamed DrÃ¤ger,Right Foot,25
Giovanni Reyna,Right Foot,25
Marcos Javier AcuÃ±a,Right Foot,25
Cyle Larin,Right Foot,25
Ã‰rick Gabriel GutiÃ©rrez Galaviz,Left Foot,25
RaÃºl Alonso JimÃ©nez RodrÃ­guez,Right Foot,25
Sofyan Amrabat,Left Foot,24
Kai Havertz,Left Foot,24
Joshua Sargent,Right Foot,24
Daniel-Kofi Kyereh,Right Foot,24
Nayef Aguerd,Right Foot,24
JoÃ£o Maria Lobo Alves Palhinha GonÃ§alves,Right Foot,24
Ronald Alberto Matarrita Ulate,Left Foot,24
Randal Kolo Muani,Right Foot,24
Luis Alberto SuÃ¡rez DÃ­az,Right Foot,23
Ã“scar Esau Duarte GaitÃ¡n,Left Foot,23
Gregor Kobel,Right Foot,23
Arkadiusz Milik,Left Foot,23
Carlos Henrique Casimiro,Left Foot,23
Christian Pulisic,Left Foot,23
Almoez Ali Zainalabiddin Abdulla,Right Foot,23
Sardar Azmoun,Right Foot,23
Nuno Mendes,Left Foot,23
Nahuel Molina Lucero,Left Foot,23
Bartosz BereszyÅ„ski,Left Foot,23
DeAndre Yedlin,Right Foot,23
Hiroki Sakai,Right Foot,23
Exequiel Alejandro Palacios,Right Foot,23
Sergej MilinkoviÄ‡-SaviÄ‡,Left Foot,23
JosÃ© MarÃ­a GimÃ©nez de Vargas,Left Foot,22
Alireza Safar Beiranvand,Right Foot,22
Sofiane Boufal,Left Foot,22
Bryan Oviedo,Right Foot,22
Vincent PatÃ© Aboubakar,Right Foot,22
Jules KoundÃ©,Left Foot,22
HÃ©ctor Alfredo Moreno Herrera,Right Foot,22
Grzegorz Krychowiak,Left Foot,22
Morteza Pouraliganji,Left Foot,22
Jordan Brian Henderson,Left Foot,22
Steve Mandanda,Right Foot,22
Ngoran Suiru Fai Collins,Left Foot,22
Akram Hassan Afif,Left Foot,22
Thomas Delaney,Left Foot,21
Nicolas Alexis Julio N'Koulou Ndoubena,Left Foot,21
Pervis JosuÃ© EstupiÃ±Ã¡n Tenorio,Right Foot,21
OrbelÃ­n Pineda Alvarado,Right Foot,21
RÃºben Diogo Da Silva Neves,Left Foot,21
Gabriel Fernando de Jesus,Right Foot,21
Nathaniel Atkinson,Right Foot,21
William Silva de Carvalho,Left Foot,21
Theo Bernard FranÃ§ois HernÃ¡ndez,Right Foot,21
Kye Rowles,Right Foot,21
GonÃ§alo Matias Ramos,Right Foot,21
Marten de Roon,Left Foot,21
Anssumane Fati,Right Foot,21
Bilal El Khannous,Right Foot,21
Denis Lemi Zakaria Lako Lado,Right Foot,20
Edinson Roberto Cavani GÃ³mez,Right Foot,20
DuÅ¡an TadiÄ‡,Right Foot,20
Almoez Ali Zainalabiddin Abdulla,Left Foot,20
Abolfazl Jalali,Left Foot,20
Seung-Ho Paik,Right Foot,20
Kevin De Bruyne,Left Foot,20
Leandro Daniel Paredes,Left Foot,20
Frederico Rodrigues Santos,Right Foot,20
Andreas Skov Olsen,Right Foot,19
Mateo KovaÄiÄ‡,Left Foot,19
Youssouf Fofana,Left Foot,19
Badr Banoun,Right Foot,19
Cheikhou KouyatÃ©,Right Foot,19
Ruben Vargas,Left Foot,19
Munir Mohand Mohamedi,Right Foot,19
Pape Abou CissÃ©,Right Foot,19
Takumi Minamino,Right Foot,19
Jordan Pickford,Right Foot,19
Wahbi Khazri,Right Foot,19
Djibril Sow,Left Foot,18
Saman Ghoddos,Right Foot,18
Mohammed Khalil Al Owais,Right Foot,18
Pape Abou CissÃ©,Left Foot,18
Noah Okafor,Right Foot,18
Josip JuranoviÄ‡,Left Foot,18
Ajdin Hrustic,Left Foot,18
Ali Abdi,Right Foot,18
Sami Khalil Al Naji,Right Foot,18
Nikola VlaÅ¡iÄ‡,Left Foot,18
Chris Mepham,Left Foot,18
Thomas Teye Partey,Left Foot,18
Miki Yamane,Right Foot,18
Jesus Ferreira,Right Foot,18
JesÃºs Daniel Gallardo Vasconcelos,Right Foot,18
Yunus Dimoara Musah,Left Foot,18
Alex Sandro Lobo Silva,Right Foot,18
Robert Skov,Left Foot,18
Teun Koopmeiners,Right Foot,18
Serge Gnabry,Left Foot,18
Jin-Su Kim,Right Foot,18
Shaquell Moore,Right Foot,18
Ederson Santana de Moraes,Left Foot,18
Sergino Dest,Left Foot,18
Kamil Glik,Left Foot,18
Bruno Miguel Borges Fernandes,Left Foot,18
Silvan Widmer,Left Foot,18
Andreas Evald Cornelius,Left Foot,17
Yassine Meriah,Left Foot,17
Bruno PetkoviÄ‡,Left Foot,17
Chang-Hoon Kwon,Left Foot,17
Kasper Dolberg,Right Foot,17
Abdulaziz Hatem Mohammed Abdullah,Right Foot,17
Ellyes Joris Skhiri,Left Foot,17
Nicolas Moumi Ngamaleu,Right Foot,17
Thilo Kehrer,Right Foot,17
Trent Alexander-Arnold,Right Foot,17
Joel Nathaniel Campbell Samuels,Right Foot,17
Richarlison de Andrade,Left Foot,17
Seung-Gyu Kim,Left Foot,17
Diego NicolÃ¡s De La Cruz Arcosa,Right Foot,17
Matthew Charles Turner,Left Foot,17
Mohammed Muntari,Right Foot,17
Mathew Ryan,Left Foot,17
Eden Hazard,Left Foot,17
Felix Eduardo Torres Caicedo,Left Foot,17
Fabian Rieder,Left Foot,17
Chul Hong,Left Foot,17
Kendall Jamaal Waston Manley,Left Foot,17
Martin Braithwaite Christensen,Right Foot,17
Haji Wright,Right Foot,17
Joakim MÃ¦hle,Left Foot,17
Leander Dendoncker,Left Foot,16
Celso Borges Mora,Left Foot,16
Xherdan Shaqiri,Right Foot,16
Takuma Asano,Right Foot,16
Moon-Hwan Kim,Left Foot,16
Riley McGree,Right Foot,16
Kalvin Phillips,Right Foot,16
Niclas FÃ¼llkrug,Right Foot,16
Tariq Lamptey,Right Foot,16
Alexander Djiku,Right Foot,16
Sadegh Moharrami,Right Foot,16
Nemanja RadonjiÄ‡,Right Foot,16
Osman Bukari,Right Foot,16
Ali Assadalla Thaimn Qambar,Left Foot,16
Gonzalo Jordy Plata JimÃ©nez,Right Foot,16
Heung-Min Son,Left Foot,16
Juan Pablo Vargas Campos,Left Foot,16
Bukayo Saka,Right Foot,16
MoisÃ©s Isaac Caicedo Corozo,Left Foot,16
Salem Mohammed Al Dawsari,Left Foot,16
AÃ¯ssa Bilal LaÃ¯douni,Left Foot,16
David Raum,Right Foot,16
PrzemysÅ‚aw Frankowski,Left Foot,15
Ivan IliÄ‡,Left Foot,15
Ã‰der Gabriel MilitÃ£o,Left Foot,15
Axel Witsel,Left Foot,15
Anthony Daniel Contreras EnrÃ­quez,Right Foot,15
Noussair Mazraoui,Left Foot,15
Mohamed Salisu,Right Foot,15
Carlos Uriel Antuna Romero,Right Foot,15
Vanja MilinkoviÄ‡ SaviÄ‡,Left Foot,15
Saud Abdullah Abdul Hamid,Left Foot,15
Davy Klaassen,Left Foot,15
Yuki Soma,Right Foot,15
Cheikh Ahmadou Bamba Mbacke Dieng,Right Foot,15
Lisandro MartÃ­nez,Right Foot,15
Saad Abdullah Al Sheeb,Right Foot,15
Mario GÃ¶tze,Right Foot,15
Mohamed Ali Ben Romdhane,Right Foot,15
Gerson Torres Barrantes,Left Foot,15
Nico Schlotterbeck,Right Foot,14
Nicholas Williams Arthuer,Left Foot,14
Raphael Dias Belloli,Right Foot,14
MiloÅ¡ Degenek,Left Foot,14
Ben Davies,Right Foot,14
Marco Asensio Willemsen,Right Foot,14
Marko GrujiÄ‡,Right Foot,14
Riyadh Sharahili,Right Foot,14
Neymar da Silva Santos Junior,Left Foot,14
Michy Batshuayi Tunga,Right Foot,14
Johan Alberto Venegas Ulloa,Right Foot,14
Salis Abdul Samed,Left Foot,14
Ali Albulayhi,Right Foot,14
Filip MladenoviÄ‡,Left Foot,14
Seyed Majid Hosseini,Left Foot,14
Jae-Sung Lee,Right Foot,14
Diego Roberto GodÃ­n Leal,Left Foot,14
Ismael KonÃ©,Left Foot,14
Kieffer Roberto Francisco Moore,Left Foot,14
Ilias Chair,Right Foot,14
Amadou Onana,Left Foot,14
Kevin Nahin Ãlvarez Campos,Right Foot,14
Abdou Diallo,Right Foot,14
Hassan Khalid Al Heidos,Left Foot,14
Youri Tielemans,Left Foot,14
Jewison Bennette,Left Foot,13
Kaoru Mitoma,Left Foot,13
Thiago Ezequiel Almada,Right Foot,13
Carlos Armando Gruezo Arboleda,Right Foot,13
Craig Goodwin,Right Foot,13
Kamaldeen Sulemana,Right Foot,13
Lawrence Ati-Zigi,Left Foot,13
Young-Gwon Kim,Right Foot,13
Fabian Lukas SchÃ¤r,Left Foot,13
Mathias Jensen,Left Foot,13
Atiba Hutchinson,Left Foot,13
JosÃ© AndrÃ©s Guardado HernÃ¡ndez,Left Foot,13
JosÃ© Diogo Dalot Teixeira,Left Foot,13
JosÃ© MartÃ­n CÃ¡ceres Silva,Left Foot,13
Firas Tariq Nasser Al Albirakan,Right Foot,13
Pedro Guilherme Abreu dos Santos,Right Foot,13
Robert Lewandowski,Left Foot,13
Unai SimÃ³n Mendibil,Left Foot,13
Woo-Yeong Jeong,Right Foot,13
Henry JosuÃ© MartÃ­n Mex,Right Foot,13
Gleison Bremer Silva Nascimento,Left Foot,13
Dominik LivakoviÄ‡,Left Foot,13
NicolÃ¡s Alejandro Tagliafico,Right Foot,13
SrÄ‘an BabiÄ‡,Left Foot,13
SebastiÃ¡n Coates NiÃ³n,Left Foot,13
Nicola Zalewski,Right Foot,13
Ahmad Nourollahi,Left Foot,12
Abdulrahman Al-Obood,Right Foot,12
Haris SeferoviÄ‡,Left Foot,12
Joseff Morrell,Right Foot,12
Edinson Roberto Cavani GÃ³mez,Left Foot,12
Mohammed Waed Abdulwahhab Al Bayati,Left Foot,12
Harry Souttar,Left Foot,12
Rafael Alexandre ConceiÃ§Ã£o LeÃ£o,Left Foot,12
Lukas Klostermann,Left Foot,12
MatÃ­as NicolÃ¡s ViÃ±a Susperreguy,Left Foot,12
Jonas Hofmann,Right Foot,12
Awer Mabil,Right Foot,12
CÃ©sar Azpilicueta Tanco,Left Foot,12
Rasmus Nissen Kristensen,Left Foot,12
Shogo Taniguchi,Left Foot,12
Kingsley Coman,Left Foot,12
Jules Olivier Ntcham,Right Foot,12
Jun-Ho Son,Left Foot,12
Alireza Jahanbakhsh,Right Foot,12
Brennan Johnson,Right Foot,12
Salman Mohammed Al Faraj,Left Foot,11
Edouard Mendy,Left Foot,11
Thomas MÃ¼ller,Left Foot,11
Francisco Guillermo Ochoa MagaÃ±a,Left Foot,11
Christian NÃ¸rgaard,Right Foot,11
Nikola MilenkoviÄ‡,Left Foot,11
Denzel Dumfries,Left Foot,11
Connor Roberts,Left Foot,11
HÃ©ctor Miguel Herrera LÃ³pez,Left Foot,11
Idrissa Gana Gueye,Left Foot,11
Ao Tanaka,Left Foot,11
Renato Steffen,Left Foot,11
Mohammed Kanoo,Left Foot,11
Saeid Ezatolahi Afagh,Left Foot,11
Nampalys Mendy,Left Foot,11
Mark Anthony Kaye,Right Foot,11
Daizen Maeda,Right Foot,11
GermÃ¡n Alejandro Pezzella,Left Foot,11
Rodrigo Javier De Paul,Left Foot,11
Luis Alberto SuÃ¡rez DÃ­az,Left Foot,11
Fabian Frei,Right Foot,11
Neco Williams,Left Foot,11
Ã‰verton Augusto de Barros Ribeiro,Left Foot,11
Cristiano Ronaldo dos Santos Aveiro,Left Foot,11
Memphis Depay,Left Foot,11
Krystian Bielik,Left Foot,10
Keysher Fuller Spence,Left Foot,10
Bryan Ruiz GonzÃ¡lez,Left Foot,10
Andrija Å½ivkoviÄ‡,Right Foot,10
Georges-KÃ©vin Nkoudou Mbida,Right Foot,10
Giorgian Daniel De Arrascaeta Benedetti,Left Foot,10
Nasser Al Dawsari,Left Foot,10
Abdulelah Saad Hameed Al-Malki,Left Foot,10
Yeltsin Ignacio Tejeda Valverde,Left Foot,10
Abdessamad Ezzalzouli,Right Foot,10
Wout Weghorst,Right Foot,10
Leandro Trossard,Left Foot,10
Ehsan Hajsafi,Right Foot,10
Ritsu Doan,Right Foot,10
Abderrazak Hamdallah,Right Foot,10
Enner Remberto Valencia Lastra,Left Foot,10
Vincent Janssen,Right Foot,10
KrÃ©pin Diatta,Left Foot,10
Matty Cash,Left Foot,10
Vincent Janssen,Left Foot,10
Federico Santiago Valverde Dipetta,Left Foot,10
Jeremy Doku,Right Foot,10
Meshaal Aissa Barsham,Left Foot,10
Sergio Rochet Ãlvarez,Left Foot,10
GaÃ«l Ondoua,Left Foot,10
Jean-Eric Maxim Choupo-Moting,Left Foot,10
Mikkel Damsgaard,Left Foot,10
Alejandro Balde MartÃ­nez,Right Foot,10
Paulo Bruno Exequiel Dybala,Left Foot,10
AndrÃ©-Frank Zambo Anguissa,Left Foot,10
Jonathan David,Left Foot,10
Jamal Musiala,Left Foot,10
Daichi Kamada,Left Foot,10
Alexander Djiku,Left Foot,10
Alidu Seidu,Left Foot,10
Gue-Sung Cho,Left Foot,9
Yasir Gharsan Al Shahrani,Right Foot,9
Pierre Kunde Malong,Left Foot,9
NaÃ¯m Sliti,Left Foot,9
Azzedine Ounahi,Left Foot,9
Takefusa Kubo,Left Foot,9
MathÃ­as Olivera Miramontes,Right Foot,9
Luis Gerardo ChÃ¡vez MagallÃ³n,Right Foot,9
Stefan MitroviÄ‡,Right Foot,9
MatÃ­as Vecino Falero,Left Foot,9
Daniel Amartey,Left Foot,9
Yasir Gharsan Al Shahrani,Left Foot,9
Harry Kane,Left Foot,9
Tarek Salman Salman,Right Foot,9
Wojciech SzczÄ™sny,Left Foot,9
Diogo Meireles Costa,Left Foot,9
Alphonso Davies,Right Foot,9
Alisson RamsÃ©s Becker,Left Foot,9
Alan Steven Franco Palma,Right Foot,9
Edimilson Fernandes,Left Foot,9
Mislav OrÅ¡iÄ‡,Left Foot,9
Borna Sosa,Right Foot,9
Mathew Leckie,Left Foot,9
Ãngel FabiÃ¡n Di MarÃ­a HernÃ¡ndez,Right Foot,9
Milad Mohammadi,Right Foot,9
Edson Omar Ãlvarez VelÃ¡zquez,Left Foot,9
Xavi Simons,Right Foot,9
Damian SzymaÅ„ski,Right Foot,9
Lucas HernÃ¡ndez Pi,Left Foot,9
IsmaÃ¯la Sarr,Left Foot,9
Roberto Carlos Alvarado HernÃ¡ndez,Left Foot,8
Youssef Msakni,Left Foot,8
Abdulelah Al Amri,Left Foot,8
Nouhou Tolo,Right Foot,8
Yannick Ferreira Carrasco,Left Foot,8
OtÃ¡vio Edmilson da Silva Monteiro,Left Foot,8
Thorgan Hazard,Left Foot,8
AntÃ³nio JoÃ£o Pereira Albuquerque Tavares Silva,Left Foot,8
Pedro Miguel Correia,Left Foot,8
Takuma Asano,Left Foot,8
Sultan Abdullah Salim Al Ghannam,Left Foot,8
Steven Berghuis,Right Foot,8
Stefan MitroviÄ‡,Left Foot,8
Selim Amallah,Left Foot,8
Rodrygo Silva de Goes,Left Foot,8
Thomas Delaney,Right Foot,8
Fabian Rieder,Right Foot,8
Junya Ito,Left Foot,8
Hiroki Ito,Right Foot,8
Iliman Ndiaye,Left Foot,8
Mohammad Hossein Kanani Zadegan,Right Foot,8
Mitchell Thomas Duke,Left Foot,8
Boualem Khoukhi,Left Foot,8
Milan Borjan,Left Foot,8
Jean-Charles Castelletto,Left Foot,8
Jesper LindstrÃ¸m,Left Foot,8
Jhegson SebastiÃ¡n MÃ©ndez CarabalÃ­,Left Foot,8
Darko LazoviÄ‡,Right Foot,8
Danilo LuÃ­s HÃ©lio Pereira,Left Foot,8
Callum Wilson,Right Foot,8
Cody MathÃ¨s Gakpo,Left Foot,8
Kellyn Kai Perry-Acosta,Right Foot,8
Christian Fassnacht,Right Foot,8
Lautaro Javier MartÃ­nez,Left Foot,8
DuÅ¡an VlahoviÄ‡,Left Foot,8
Darwin Gabriel NÃºÃ±ez Ribeiro,Left Foot,8
Famara Diedhiou,Right Foot,8
Francisco Javier Calvo Quesada,Right Foot,8
Youssef En-Nesyri,Right Foot,7
AndrÃ© Onana,Left Foot,7
Nemanja Gudelj,Left Foot,7
Nemanja MaksimoviÄ‡,Left Foot,7
FodÃ© Ballo TourÃ©,Left Foot,7
MichaÅ‚ SkÃ³raÅ›,Right Foot,7
Mehdi Taremi,Left Foot,7
Ayase Ueda,Right Foot,7
Brenden Aaronson,Left Foot,7
Tajon Buchanan,Left Foot,7
Matthijs de Ligt,Left Foot,7
Ali Assadalla Thaimn Qambar,Right Foot,7
Mason Mount,Left Foot,7
Kai Havertz,Right Foot,7
Marko Livaja,Left Foot,7
Marcus Thuram,Left Foot,7
Richie Laryea,Left Foot,7
Marcus Rashford,Left Foot,7
AndrÃ© Miguel Valente Silva,Right Foot,7
Filip KostiÄ‡,Right Foot,7
Ko Itakura,Left Foot,7
Christian Mougang Bassogog,Left Foot,7
Carlos Manuel MartÃ­nez Castro,Right Foot,7
Anass Zaroury,Right Foot,7
Kyung-Won Kwon,Right Foot,7
Andreas Christensen,Left Foot,7
Romario AndrÃ©s Ibarra Mina,Left Foot,7
Diego NicolÃ¡s De La Cruz Arcosa,Left Foot,7
Liam Millar,Right Foot,7
Homam Alamin Ahmed,Right Foot,7
Abdullah Mohammed Madu,Left Foot,7
Olivier Giroud,Right Foot,7
Pape Matar Sarr,Left Foot,7
Jack Grealish,Left Foot,6
Ali Gholizadeh,Right Foot,6
Anssumane Fati,Left Foot,6
Ali Al Hassan,Right Foot,6
Luuk de Jong,Right Foot,6
Luka JoviÄ‡,Right Foot,6
Carlos Soler BarragÃ¡n,Left Foot,6
JoÃ£o FÃ©lix Sequeira,Left Foot,6
Youstin Delfin Salas GÃ³mez,Left Foot,6
AgustÃ­n Canobbio Graviz,Right Foot,6
Zakaria Aboukhlal,Left Foot,6
Haji Wright,Left Foot,6
Simon Thorup KjÃ¦r,Left Foot,6
Walid Cheddira,Right Foot,6
Sam Adekugbe,Right Foot,6
Dylan Daniel Mahmoud Bronn,Left Foot,6
Kamaldeen Sulemana,Left Foot,6
Yahia Attiyat allah,Right Foot,6
GaÃ«l Ondoua,Right Foot,6
Ãlvaro Borja Morata MartÃ­n,Left Foot,6
Eric Dier,Left Foot,6
Sang-Ho Na,Left Foot,6
Issam Jebali,Left Foot,6
Leroy SanÃ©,Right Foot,6
Jamie MacLaren,Right Foot,6
Cameron Carter-Vickers,Left Foot,6
Ui-Jo Hwang,Right Foot,6
Ã‰verton Augusto de Barros Ribeiro,Right Foot,6
Thilo Kehrer,Left Foot,6
Romario AndrÃ©s Ibarra Mina,Right Foot,6
IÃ±aki Williams Arthuer,Left Foot,6
David Wotherspoon,Right Foot,6
David Junior Hoilett,Left Foot,6
Lovro Majer,Right Foot,6
Tariq Lamptey,Left Foot,6
Roozbeh Cheshmi,Right Foot,6
Victor Nelsson,Left Foot,6
Breel-Donald Embolo,Left Foot,6
HernÃ¡n Ismael GalÃ­ndez,Left Foot,6
Jonas Hofmann,Left Foot,6
Ismail Jakobs,Right Foot,6
Raheem Sterling,Left Foot,6
Jonathan Osorio,Left Foot,6
Wayne Hennessey,Left Foot,6
Eray Ervin CÃ¶mert,Left Foot,5
Alvaro JosÃ© Zamora Mata,Right Foot,5
Anass Zaroury,Left Foot,5
FerrÃ¡n Torres GarcÃ­a,Left Foot,5
GonÃ§alo Matias Ramos,Left Foot,5
Ernesto Alexis Vega Rojas,Left Foot,5
Leon Goretzka,Left Foot,5
Kieran Trippier,Left Foot,5
ShÅ«ichi Gonda,Left Foot,5
Karl Brillant Toko Ekambi,Left Foot,5
Karim Boudiaf,Left Foot,5
FÃ¡bio Henrique Tavares,Left Foot,5
Jan Bednarek,Right Foot,5
Thomas Meunier,Left Foot,5
Fran KaraÄiÄ‡,Left Foot,5
Takumi Minamino,Left Foot,5
Youstin Delfin Salas GÃ³mez,Right Foot,5
Giovanni Reyna,Left Foot,5
VinÃ­cius JosÃ© PaixÃ£o de Oliveira JÃºnior,Left Foot,5
Jorge Eduardo SÃ¡nchez Ramos,Left Foot,5
Josip StaniÅ¡iÄ‡,Left Foot,5
Daniel Carvajal Ramos,Left Foot,5
Daniel Alves da Silva,Left Foot,5
Juan Pablo Vargas Campos,Right Foot,5
Ajdin Hrustic,Right Foot,5
Gabriel Teodoro Martinelli Silva,Left Foot,5
Ali MaÃ¢loul,Right Foot,5
Kamil Grosicki,Right Foot,5
Weverton Pereira da Silva,Right Foot,5
Kang-In Lee,Right Foot,5
Jordan Veretout,Left Foot,5
Nicolas Jackson,Right Foot,5
Michy Batshuayi Tunga,Left Foot,5
Miki Yamane,Left Foot,5
Aymen Dahmen,Left Foot,5
Ramin Rezaeian,Left Foot,5
Bryan Mbeumo,Right Foot,5
Philip Foden,Right Foot,5
Arkadiusz Milik,Right Foot,5
Roan Roberto Wilson Gordon,Right Foot,5
Antony Matheus dos Santos,Right Foot,5
Ricardo Jorge Luz Horta,Left Foot,5
PathÃ© IsmaÃ«l Ciss,Left Foot,5
Nathaniel Atkinson,Left Foot,5
Chang-Hoon Kwon,Right Foot,5
Nicolas Jackson,Left Foot,5
RaphaÃ«l Adelino JosÃ© Guerreiro,Right Foot,5
Pablo Sarabia GarcÃ­a,Left Foot,5
Cyle Larin,Left Foot,4
Riyadh Sharahili,Left Foot,4
Josip Å utalo,Left Foot,4
Ali Karimi,Left Foot,4
Nuno Mendes,Right Foot,4
Enzo Ebosse,Right Foot,4
Sorba Thomas,Right Foot,4
Angelo Smit Preciado QuiÃ±Ã³nez,Left Foot,4
Alireza Safar Beiranvand,Left Foot,4
Anis Ben Slimane,Left Foot,4
Munir Mohand Mohamedi,Left Foot,4
Gideon Mensah,Right Foot,4
Maximiliano GÃ³mez GonzÃ¡lez,Right Foot,4
Brennan Johnson,Left Foot,4
Joshua Sargent,Left Foot,4
Garang Kuol,Right Foot,4
Anthony Daniel Contreras EnrÃ­quez,Left Foot,4
Henry JosuÃ© MartÃ­n Mex,Left Foot,4
Michael Steveen Estrada MartÃ­nez,Left Foot,4
Alex Nicolao Telles,Right Foot,4
Jeremy Doku,Left Foot,4
Ronald Alberto Matarrita Ulate,Right Foot,4
Mohammed Kudus,Right Foot,4
Aleksandar MitroviÄ‡,Left Foot,4
Timothy Weah,Left Foot,4
Mohamed Ali Ben Romdhane,Left Foot,4
Ivan IliÄ‡,Right Foot,4
Mohammed Al Burayk,Left Foot,4
Karol Åšwiderski,Left Foot,4
Pape Gueye,Right Foot,4
Kasper Schmeichel,Left Foot,4
Kenneth Taylor,Left Foot,4
Ãngel MartÃ­n Correa,Right Foot,4
Kyle Walker,Left Foot,4
Saleh Khalid Al Shehri,Left Foot,4
Nicola Zalewski,Left Foot,4
Christian NÃ¸rgaard,Left Foot,4
Christopher Wooh,Left Foot,4
Ã‰rick Gabriel GutiÃ©rrez Galaviz,Right Foot,4
Axel Disasi,Left Foot,4
Gabriel Fernando de Jesus,Left Foot,4
Kenneth Taylor,Right Foot,4
Zakaria Aboukhlal,Right Foot,4
Andreas Evald Cornelius,Right Foot,4
Rubin Colwill,Right Foot,4
Famara Diedhiou,Left Foot,4
Alistair Johnston,Left Foot,4
Ante Budimir,Left Foot,3
Salman Mohammed Al Faraj,Right Foot,3
Filip ÄuriÄiÄ‡,Right Foot,3
Osman Bukari,Left Foot,3
Joe Rodon,Left Foot,3
Jeremy Leonel Sarmiento Morante,Left Foot,3
Hiroki Sakai,Left Foot,3
Joe Allen,Left Foot,3
Benjamin Pavard,Left Foot,3
Achraf Dari,Left Foot,3
Krzysztof PiÄ…tek,Right Foot,3
Mohamed DrÃ¤ger,Left Foot,3
Hee-Chan Hwang,Left Foot,3
Jackson Gabriel Porozo Vernaza,Left Foot,3
Bilal El Khannous,Left Foot,3
Romelu Lukaku Menama,Left Foot,3
Charles De Ketelaere,Left Foot,3
Jason Cummings,Right Foot,3
Alejandro DarÃ­o GÃ³mez,Left Foot,3
Jason Cummings,Left Foot,3
Jordan Morris,Right Foot,3
Ardon Jashari,Left Foot,3
Ikoma LoÃ¯s Openda,Right Foot,3
Romelu Lukaku Menama,Right Foot,3
Borna BariÅ¡iÄ‡,Right Foot,3
Jakub KamiÅ„ski,Left Foot,3
Boulaye Dia,Left Foot,3
Trent Alexander-Arnold,Left Foot,3
Ferjani Sassi,Left Foot,3
Hattan Babhir,Right Foot,3
Danny Ward,Left Foot,3
Nawaf Shaker Al Abid,Right Foot,3
Vincent PatÃ© Aboubakar,Left Foot,3
JoÃ£o MÃ¡rio Naval da Costa Eduardo,Left Foot,3
Guillermo Varela Olivera,Left Foot,3
Martin Hongla Yma II,Left Foot,3
Keylor Navas Gamboa,Left Foot,3
Daizen Maeda,Left Foot,3
Guido RodrÃ­guez,Left Foot,3
NÃ©stor Alejandro AraÃºjo Razo,Left Foot,3
Gonzalo Ariel Montiel,Left Foot,3
Bailey Wright,Right Foot,3
Artur JÄ™drzejczyk,Right Foot,3
Marcos Llorente Moreno,Left Foot,3
Seung-Ho Paik,Left Foot,3
Kellyn Kai Perry-Acosta,Left Foot,3
Ghilane Chalali,Right Foot,3
Keanu Baccus,Left Foot,3
Gareth Frank Bale,Right Foot,3
Bruno GuimarÃ£es Rodriguez Moura,Left Foot,3
Matheus Luiz Nunes,Left Foot,3
Matthias Ginter,Right Foot,3
Jorge ResurrecciÃ³n Merodio,Left Foot,3
OrbelÃ­n Pineda Alvarado,Left Foot,3
Nemanja RadonjiÄ‡,Left Foot,3
Mohammed Muntari,Left Foot,2
Vitor Machado Ferreira,Left Foot,2
Assim Omer Al Haj Madibo,Left Foot,2
Hassan Mohammed Al-Tambakti,Left Foot,2
Badr Banoun,Left Foot,2
Woo-Yeong Jeong,Left Foot,2
Harry Wilson,Right Foot,2
Abdullah Mohammed Madu,Right Foot,2
Niclas FÃ¼llkrug,Left Foot,2
Nader Ghandri,Left Foot,2
Exequiel Alejandro Palacios,Left Foot,2
Abderrazak Hamdallah,Left Foot,2
Noah Okafor,Left Foot,2
William Saliba,Left Foot,2
Wajdi Kechrida,Left Foot,2
Yuki Soma,Left Foot,2
Yahya Jabrane,Right Foot,2
Ikoma LoÃ¯s Openda,Left Foot,2
Abdessamad Ezzalzouli,Left Foot,2
Ederson Santana de Moraes,Right Foot,2
Filip MladenoviÄ‡,Right Foot,2
Haris SeferoviÄ‡,Right Foot,2
Hattan Babhir,Left Foot,2
Youssoufa Moukoko,Left Foot,2
Hannibal Mejbri,Right Foot,2
Ayase Ueda,Left Foot,2
Ardon Jashari,Right Foot,2
Roozbeh Cheshmi,Left Foot,2
Djorkaeff Neicer Reasco GonzÃ¡lez,Right Foot,2
Karim Ansarifard,Left Foot,2
MatÃ­as NicolÃ¡s ViÃ±a Susperreguy,Right Foot,2
Darko LazoviÄ‡,Left Foot,2
Jordan Ayew,Left Foot,2
Takefusa Kubo,Right Foot,2
Taha Yassine Khenissi,Right Foot,2
Daniel James,Left Foot,2
JosÃ© AndrÃ©s Guardado HernÃ¡ndez,Right Foot,2
Stephen Antunes EustÃ¡quio,Left Foot,2
Kalvin Phillips,Left Foot,2
Shaquell Moore,Left Foot,2
Nicolas Moumi Ngamaleu,Left Foot,2
Mehdi Torabi,Left Foot,2
Callum Wilson,Left Foot,2
Carlos Alberto RodrÃ­guez GÃ³mez,Left Foot,2
AndrÃ© Miguel Valente Silva,Left Foot,2
Christian Mougang Bassogog,Right Foot,2
Carlos Manuel MartÃ­nez Castro,Left Foot,2
AndrÃ© Ayew PelÃ©,Right Foot,2
Luka JoviÄ‡,Left Foot,2
Cheikhou KouyatÃ©,Left Foot,2
Sadegh Moharrami,Left Foot,2
Saad Abdullah Al Sheeb,Left Foot,2
Brandon Aguilera Zamora,Right Foot,2
Juan Marcos Foyth,Right Foot,2
Karim Ansarifard,Right Foot,2
Devis Rogers Epassy Mboka,Left Foot,2
Antoine Semenyo,Right Foot,2
Alan Steven Franco Palma,Left Foot,2
Jerome Ngom Mbekeli,Right Foot,2
Jesus Ferreira,Left Foot,2
Facundo Pellistri Rebollo,Left Foot,2
Ahmed Alaa Eldin Abdelmotaal,Right Foot,2
Jewison Bennette,Right Foot,2
Jamie MacLaren,Left Foot,2
Robert Skov,Right Foot,1
Luuk de Jong,Left Foot,1
Roberto Carlos Alvarado HernÃ¡ndez,Right Foot,1
Noa Lang,Right Foot,1
Noa Lang,Left Foot,1
Samuel Yves Oum Gwet,Left Foot,1
Sardar Azmoun,Left Foot,1
Denis Odoi,Right Foot,1
Sami Khalil Al Naji,Left Foot,1
Awer Mabil,Left Foot,1
AgustÃ­n Canobbio Graviz,Left Foot,1
Chul Hong,Right Foot,1
Paulo Bruno Exequiel Dybala,Right Foot,1
Christian Fassnacht,Left Foot,1
Carlos Uriel Antuna Romero,Left Foot,1
Lucas Daniel Cavallini,Right Foot,1
Fabian Frei,Left Foot,1
Lucas Daniel Cavallini,Left Foot,1
Abdelhamid Sabiri,Left Foot,1
Ilias Chair,Left Foot,1
Cheikh Ahmadou Bamba Mbacke Dieng,Left Foot,1
Djorkaeff Neicer Reasco GonzÃ¡lez,Left Foot,1
Charles De Ketelaere,Right Foot,1
Kevin Nahin Ãlvarez Campos,Left Foot,1
Abolfazl Jalali,Right Foot,1
Karol Åšwiderski,Right Foot,1
Roan Roberto Wilson Gordon,Left Foot,1
Alexander Hartmann Bah,Left Foot,1
Michel Aebischer,Left Foot,1
Michel Aebischer,Right Foot,1
MattÃ©o Guendouzi OliÃ©,Left Foot,1
Randal Kolo Muani,Left Foot,1
Eduardo Camavinga,Right Foot,1
Mosaab Khoder Jibril,Right Foot,1
Ali Al Hassan,Left Foot,1
Yahya Jabrane,Left Foot,1
Hirving Rodrigo Lozano Bahena,Left Foot,1
Steve Mandanda,Left Foot,1
Artur JÄ™drzejczyk,Left Foot,1
Haitham Mohammed Asiri,Left Foot,1
RaÃºl Alonso JimÃ©nez RodrÃ­guez,Left Foot,1
Dries Mertens,Left Foot,1
Martin Braithwaite Christensen,Left Foot,1
Renato Steffen,Right Foot,1
Mario GÃ¶tze,Left Foot,1
Kamil Grosicki,Left Foot,1
Bryan Ruiz GonzÃ¡lez,Right Foot,1
DuÅ¡an VlahoviÄ‡,Right Foot,1
Ghilane Chalali,Left Foot,1
Gerson Torres Barrantes,Right Foot,1
Denis Lemi Zakaria Lako Lado,Left Foot,1
Bassam Hisham Al Rawi,Left Foot,1
Alireza Jahanbakhsh,Left Foot,1
